{
    "correlations": {
        "pearson": {
            "coefficient": -0.3116710088939269,
            "p_value": 0.0
        },
        "spearman": {
            "coefficient": -0.30765145496017915,
            "p_value": 0.0
        }
    },
    "error_score_1_statistics": {
        "Total Count": 3460,
        "Percentage": "3.54%",
        "Mean Quality": "32.49",
        "Std Quality": "11.20",
        "Min Quality": "20.00",
        "Max Quality": "60.00"
    },
    "error_score_ranges": {
        "00. 0.0-0.1": {
            "mean": 43.825,
            "std": 11.045,
            "count": 18935.0
        },
        "01. 0.1-0.2": {
            "mean": 42.294,
            "std": 11.356,
            "count": 9369.0
        },
        "02. 0.2-0.3": {
            "mean": 43.314,
            "std": 10.979,
            "count": 9831.0
        },
        "03. 0.3-0.4": {
            "mean": 42.2,
            "std": 11.142,
            "count": 13319.0
        },
        "04. 0.4-0.5": {
            "mean": 39.816,
            "std": 11.345,
            "count": 11973.0
        },
        "05. 0.5-0.6": {
            "mean": 37.883,
            "std": 11.494,
            "count": 13674.0
        },
        "06. 0.6-0.7": {
            "mean": 35.286,
            "std": 11.238,
            "count": 7955.0
        },
        "07. 0.7-0.8": {
            "mean": 32.896,
            "std": 10.814,
            "count": 4914.0
        },
        "08. 0.8-0.9": {
            "mean": 30.991,
            "std": 10.057,
            "count": 2542.0
        },
        "09. 0.9-1.0": {
            "mean": 31.872,
            "std": 10.957,
            "count": 4013.0
        }
    },
    "quality_ranges": {
        "03. 15.0-20.0": {
            "mean": 0.59,
            "std": 0.28,
            "count": 2365.0
        },
        "04. 20.0-25.0": {
            "mean": 0.525,
            "std": 0.278,
            "count": 11907.0
        },
        "05. 25.0-30.0": {
            "mean": 0.457,
            "std": 0.267,
            "count": 11990.0
        },
        "06. 30.0-35.0": {
            "mean": 0.407,
            "std": 0.259,
            "count": 12011.0
        },
        "07. 35.0-40.0": {
            "mean": 0.37,
            "std": 0.246,
            "count": 11671.0
        },
        "08. 40.0-45.0": {
            "mean": 0.345,
            "std": 0.242,
            "count": 11988.0
        },
        "09. 45.0-50.0": {
            "mean": 0.314,
            "std": 0.233,
            "count": 12020.0
        },
        "10. 50.0-55.0": {
            "mean": 0.302,
            "std": 0.227,
            "count": 11786.0
        },
        "11. 55.0-60.0": {
            "mean": 0.28,
            "std": 0.222,
            "count": 11867.0
        }
    }
}