{
    "histograms": {
        "h_diff": [
            3112,
            2048,
            15522,
            15556,
            79574
        ],
        "h_ratio": [
            1607,
            2523,
            22588,
            42754,
            46340
        ],
        "h_threshold": [
            2930,
            0,
            34097,
            0,
            78785
        ],
        "h_hybrid": [
            52418,
            4067,
            3597,
            4989,
            50741
        ],
        "h_prop_diff": [
            49800,
            33610,
            15953,
            5143,
            3559
        ],
        "h_diff_new": [
            41989,
            8679,
            15205,
            8866,
            41073
        ],
        "h_prop_diff_new": [
            26879,
            19385,
            16296,
            19936,
            26328
        ]
    },
    "bins": [
        0.0,
        0.202,
        0.404,
        0.6060000000000001,
        0.808,
        1.01
    ],
    "statistics": {
        "h_diff": {
            "mean": 0.8359817734357424,
            "std": 0.22317991185262956,
            "min": 3.059022269256247e-07,
            "max": 0.999999694097773
        },
        "h_ratio": {
            "mean": 0.7435490696061332,
            "std": 0.18785962436671383,
            "min": 9.999999999999992e-21,
            "max": 0.9999990631320872
        },
        "h_threshold": {
            "mean": 0.827491969744068,
            "std": 0.2629540005192499,
            "min": 0.0,
            "max": 1.0
        },
        "h_hybrid": {
            "mean": 0.4885465213921652,
            "std": 0.45254530448060026,
            "min": 2.2698934351217197e-05,
            "max": 0.9999546021312976
        },
        "h_prop_diff": {
            "mean": 0.23949868015619946,
            "std": 0.23913217653909166,
            "min": -1.0,
            "max": 1.0
        },
        "h_diff_new": {
            "mean": 0.49829130276652306,
            "std": 0.40334861533087996,
            "min": 3.059022269256247e-07,
            "max": 0.9999996940977731
        },
        "h_prop_diff_new": {
            "mean": 0.4995696695403551,
            "std": 0.3536169542207795,
            "min": -1.0,
            "max": 2.0
        }
    }
}