{
    "correlations": {
        "pearson": {
            "coefficient": -0.3403814482106006,
            "p_value": 0.0
        },
        "spearman": {
            "coefficient": -0.3555944689010524,
            "p_value": 0.0
        }
    },
    "error_score_1_statistics": {
        "Total Count": 14362,
        "Percentage": "15.65%",
        "Mean Quality": "16.53",
        "Std Quality": "5.60",
        "Min Quality": "10.00",
        "Max Quality": "30.00"
    },
    "error_score_ranges": {
        "00. 0.0-0.1": {
            "mean": 22.967,
            "std": 5.392,
            "count": 7132.0
        },
        "01. 0.1-0.2": {
            "mean": 21.941,
            "std": 5.609,
            "count": 5007.0
        },
        "02. 0.2-0.3": {
            "mean": 22.285,
            "std": 5.643,
            "count": 4177.0
        },
        "03. 0.3-0.4": {
            "mean": 22.579,
            "std": 5.41,
            "count": 6304.0
        },
        "04. 0.4-0.5": {
            "mean": 22.139,
            "std": 5.489,
            "count": 7903.0
        },
        "05. 0.5-0.6": {
            "mean": 21.204,
            "std": 5.709,
            "count": 12952.0
        },
        "06. 0.6-0.7": {
            "mean": 20.231,
            "std": 5.756,
            "count": 11175.0
        },
        "07. 0.7-0.8": {
            "mean": 18.939,
            "std": 5.815,
            "count": 10095.0
        },
        "08. 0.8-0.9": {
            "mean": 17.632,
            "std": 5.677,
            "count": 7859.0
        },
        "09. 0.9-1.0": {
            "mean": 16.395,
            "std": 5.519,
            "count": 17223.0
        }
    },
    "quality_ranges": {
        "01. 5.0-10.0": {
            "mean": 0.785,
            "std": 0.264,
            "count": 4425.0
        },
        "02. 10.0-15.0": {
            "mean": 0.708,
            "std": 0.285,
            "count": 22051.0
        },
        "03. 15.0-20.0": {
            "mean": 0.601,
            "std": 0.292,
            "count": 21618.0
        },
        "04. 20.0-25.0": {
            "mean": 0.525,
            "std": 0.286,
            "count": 21655.0
        },
        "05. 25.0-30.0": {
            "mean": 0.461,
            "std": 0.278,
            "count": 22014.0
        }
    }
}