{
    "correlations": {
        "pearson": {
            "coefficient": -0.13231760050039465,
            "p_value": 0.0
        },
        "spearman": {
            "coefficient": -0.1312461066423263,
            "p_value": 0.0
        }
    },
    "error_score_1_statistics": {
        "Total Count": 1276,
        "Percentage": "1.31%",
        "Mean Quality": "55.74",
        "Std Quality": "7.40",
        "Min Quality": "45.00",
        "Max Quality": "70.00"
    },
    "error_score_ranges": {
        "00. 0.0-0.1": {
            "mean": 58.395,
            "std": 7.458,
            "count": 27804.0
        },
        "01. 0.1-0.2": {
            "mean": 57.931,
            "std": 7.502,
            "count": 11610.0
        },
        "02. 0.2-0.3": {
            "mean": 58.066,
            "std": 7.477,
            "count": 13596.0
        },
        "03. 0.3-0.4": {
            "mean": 57.464,
            "std": 7.443,
            "count": 15460.0
        },
        "04. 0.4-0.5": {
            "mean": 56.3,
            "std": 7.406,
            "count": 10465.0
        },
        "05. 0.5-0.6": {
            "mean": 56.099,
            "std": 7.409,
            "count": 9691.0
        },
        "06. 0.6-0.7": {
            "mean": 55.355,
            "std": 7.192,
            "count": 3984.0
        },
        "07. 0.7-0.8": {
            "mean": 55.013,
            "std": 7.136,
            "count": 1807.0
        },
        "08. 0.8-0.9": {
            "mean": 53.831,
            "std": 6.987,
            "count": 706.0
        },
        "09. 0.9-1.0": {
            "mean": 55.633,
            "std": 7.4,
            "count": 1353.0
        }
    },
    "quality_ranges": {
        "08. 40.0-45.0": {
            "mean": 0.331,
            "std": 0.239,
            "count": 3771.0
        },
        "09. 45.0-50.0": {
            "mean": 0.319,
            "std": 0.233,
            "count": 19097.0
        },
        "10. 50.0-55.0": {
            "mean": 0.297,
            "std": 0.224,
            "count": 18900.0
        },
        "11. 55.0-60.0": {
            "mean": 0.277,
            "std": 0.219,
            "count": 18594.0
        },
        "12. 60.0-65.0": {
            "mean": 0.262,
            "std": 0.214,
            "count": 18681.0
        },
        "13. 65.0-70.0": {
            "mean": 0.239,
            "std": 0.202,
            "count": 18562.0
        }
    }
}