{
    "correlations": {
        "pearson": {
            "coefficient": -0.05856225794222753,
            "p_value": 1.5791041147622786e-70
        },
        "spearman": {
            "coefficient": -0.05832375412482649,
            "p_value": 5.722136528445381e-70
        }
    },
    "error_score_1_statistics": {
        "Total Count": 1594,
        "Percentage": "1.74%",
        "Mean Quality": "64.76",
        "Std Quality": "3.13",
        "Min Quality": "60.00",
        "Max Quality": "70.00"
    },
    "error_score_ranges": {
        "00. 0.0-0.1": {
            "mean": 65.179,
            "std": 3.161,
            "count": 27394.0
        },
        "01. 0.1-0.2": {
            "mean": 65.08,
            "std": 3.171,
            "count": 11397.0
        },
        "02. 0.2-0.3": {
            "mean": 65.122,
            "std": 3.164,
            "count": 12549.0
        },
        "03. 0.3-0.4": {
            "mean": 64.988,
            "std": 3.158,
            "count": 13992.0
        },
        "04. 0.4-0.5": {
            "mean": 64.736,
            "std": 3.115,
            "count": 9120.0
        },
        "05. 0.5-0.6": {
            "mean": 64.728,
            "std": 3.149,
            "count": 8365.0
        },
        "06. 0.6-0.7": {
            "mean": 64.55,
            "std": 3.134,
            "count": 3308.0
        },
        "07. 0.7-0.8": {
            "mean": 64.382,
            "std": 3.117,
            "count": 1365.0
        },
        "08. 0.8-0.9": {
            "mean": 64.57,
            "std": 3.063,
            "count": 474.0
        },
        "09. 0.9-1.0": {
            "mean": 64.74,
            "std": 3.117,
            "count": 1654.0
        }
    },
    "quality_ranges": {
        "11. 55.0-60.0": {
            "mean": 0.286,
            "std": 0.23,
            "count": 8334.0
        },
        "12. 60.0-65.0": {
            "mean": 0.278,
            "std": 0.227,
            "count": 41787.0
        },
        "13. 65.0-70.0": {
            "mean": 0.255,
            "std": 0.219,
            "count": 41642.0
        }
    }
}