{
    "correlations": {
        "pearson": {
            "coefficient": -0.06700574380740242,
            "p_value": 1.616885631795113e-97
        },
        "spearman": {
            "coefficient": -0.06740619241058991,
            "p_value": 1.1485414966671464e-98
        }
    },
    "error_score_1_statistics": {
        "Total Count": 1943,
        "Percentage": "1.99%",
        "Mean Quality": "44.62",
        "Std Quality": "3.12",
        "Min Quality": "40.00",
        "Max Quality": "50.00"
    },
    "error_score_ranges": {
        "00. 0.0-0.1": {
            "mean": 45.23,
            "std": 3.143,
            "count": 22072.0
        },
        "01. 0.1-0.2": {
            "mean": 45.11,
            "std": 3.168,
            "count": 10416.0
        },
        "02. 0.2-0.3": {
            "mean": 45.194,
            "std": 3.141,
            "count": 11355.0
        },
        "03. 0.3-0.4": {
            "mean": 45.085,
            "std": 3.151,
            "count": 15258.0
        },
        "04. 0.4-0.5": {
            "mean": 44.924,
            "std": 3.179,
            "count": 12445.0
        },
        "05. 0.5-0.6": {
            "mean": 44.781,
            "std": 3.17,
            "count": 12546.0
        },
        "06. 0.6-0.7": {
            "mean": 44.535,
            "std": 3.132,
            "count": 6023.0
        },
        "07. 0.7-0.8": {
            "mean": 44.549,
            "std": 3.164,
            "count": 2993.0
        },
        "08. 0.8-0.9": {
            "mean": 44.614,
            "std": 3.087,
            "count": 1260.0
        },
        "09. 0.9-1.0": {
            "mean": 44.571,
            "std": 3.114,
            "count": 2137.0
        }
    },
    "quality_ranges": {
        "07. 35.0-40.0": {
            "mean": 0.359,
            "std": 0.245,
            "count": 8832.0
        },
        "08. 40.0-45.0": {
            "mean": 0.343,
            "std": 0.241,
            "count": 44367.0
        },
        "09. 45.0-50.0": {
            "mean": 0.316,
            "std": 0.233,
            "count": 44406.0
        }
    }
}