{
    "train": {
        "histograms": {
            "h_diff": [
                3112,
                2048,
                15522,
                15556,
                79574
            ],
            "h_ratio": [
                1607,
                2523,
                22588,
                42754,
                46340
            ],
            "h_threshold": [
                2930,
                0,
                34097,
                0,
                78785
            ],
            "h_hybrid": [
                52418,
                4067,
                3597,
                4989,
                50741
            ],
            "h_prop_diff": [
                49800,
                33610,
                15953,
                5143,
                3559
            ],
            "h_diff_new": [
                41989,
                8679,
                15205,
                8866,
                41073
            ],
            "h_prop_diff_new": [
                26879,
                19385,
                16296,
                19936,
                26328
            ]
        },
        "bins": [
            0.0,
            0.202,
            0.404,
            0.6060000000000001,
            0.808,
            1.01
        ],
        "statistics": {
            "h_diff": {
                "mean": 0.8359817734357424,
                "std": 0.22317991185262956,
                "min": 3.059022269256247e-07,
                "max": 0.999999694097773
            },
            "h_ratio": {
                "mean": 0.7435490696061332,
                "std": 0.18785962436671383,
                "min": 9.999999999999992e-21,
                "max": 0.9999990631320872
            },
            "h_threshold": {
                "mean": 0.827491969744068,
                "std": 0.2629540005192499,
                "min": 0.0,
                "max": 1.0
            },
            "h_hybrid": {
                "mean": 0.4885465213921652,
                "std": 0.45254530448060026,
                "min": 2.2698934351217197e-05,
                "max": 0.9999546021312976
            },
            "h_prop_diff": {
                "mean": 0.23949868015619946,
                "std": 0.23913217653909166,
                "min": -1.0,
                "max": 1.0
            },
            "h_diff_new": {
                "mean": 0.49829130276652306,
                "std": 0.40334861533087996,
                "min": 3.059022269256247e-07,
                "max": 0.9999996940977731
            },
            "h_prop_diff_new": {
                "mean": 0.4995696695403551,
                "std": 0.3536169542207795,
                "min": -1.0,
                "max": 2.0
            }
        }
    },
    "val": {
        "histograms": {
            "h_diff": [
                157,
                92,
                678,
                648,
                3304
            ],
            "h_ratio": [
                88,
                106,
                1029,
                1853,
                1803
            ],
            "h_threshold": [
                149,
                0,
                1456,
                0,
                3274
            ],
            "h_hybrid": [
                2262,
                179,
                139,
                221,
                2078
            ],
            "h_prop_diff": [
                2108,
                1386,
                655,
                205,
                151
            ],
            "h_diff_new": [
                1762,
                359,
                667,
                373,
                1718
            ],
            "h_prop_diff_new": [
                1143,
                800,
                670,
                823,
                1111
            ]
        },
        "bins": [
            0.0,
            0.202,
            0.404,
            0.6060000000000001,
            0.808,
            1.01
        ],
        "statistics": {
            "h_diff": {
                "mean": 0.8280378666527657,
                "std": 0.23200095327947193,
                "min": 3.059022269256247e-07,
                "max": 0.999999694097773
            },
            "h_ratio": {
                "mean": 0.7313413142803775,
                "std": 0.1915859517696008,
                "min": 9.999999999999992e-21,
                "max": 0.9999990000010001
            },
            "h_threshold": {
                "mean": 0.8202500512400082,
                "std": 0.26987858889489513,
                "min": 0.0,
                "max": 1.0
            },
            "h_hybrid": {
                "mean": 0.4783938954891829,
                "std": 0.4518292957042415,
                "min": 2.2698934351217197e-05,
                "max": 0.9999546021312976
            },
            "h_prop_diff": {
                "mean": 0.23288413257378002,
                "std": 0.24311309337495096,
                "min": -1.0,
                "max": 1.0
            },
            "h_diff_new": {
                "mean": 0.4984779569714953,
                "std": 0.40178472801451864,
                "min": 3.059022269256247e-07,
                "max": 0.9999996940977731
            },
            "h_prop_diff_new": {
                "mean": 0.5012902526563249,
                "std": 0.3611830533805294,
                "min": -1.0,
                "max": 2.0
            }
        }
    },
    "test": {
        "histograms": {
            "h_diff": [
                1237,
                825,
                5786,
                5319,
                26703
            ],
            "h_ratio": [
                644,
                981,
                8437,
                14665,
                15143
            ],
            "h_threshold": [
                1174,
                0,
                12288,
                0,
                26408
            ],
            "h_hybrid": [
                18726,
                1429,
                1225,
                1695,
                16795
            ],
            "h_prop_diff": [
                17486,
                11236,
                5303,
                1609,
                1228
            ],
            "h_diff_new": [
                14225,
                3119,
                5671,
                3002,
                13853
            ],
            "h_prop_diff_new": [
                9346,
                6361,
                5420,
                6681,
                9345
            ]
        },
        "bins": [
            0.0,
            0.202,
            0.404,
            0.6060000000000001,
            0.808,
            1.01
        ],
        "statistics": {
            "h_diff": {
                "mean": 0.8245136414923526,
                "std": 0.23270146481768245,
                "min": 3.059022269256247e-07,
                "max": 0.999999694097773
            },
            "h_ratio": {
                "mean": 0.7330751868690493,
                "std": 0.19224631365795472,
                "min": 9.999999999999992e-21,
                "max": 0.9999990000010001
            },
            "h_threshold": {
                "mean": 0.8164534737898169,
                "std": 0.26982732456399117,
                "min": 0.0,
                "max": 1.0
            },
            "h_hybrid": {
                "mean": 0.471694067573536,
                "std": 0.4523673216634476,
                "min": 2.2698934351217197e-05,
                "max": 0.9999546021312976
            },
            "h_prop_diff": {
                "mean": 0.2301055249068741,
                "std": 0.24198152698832195,
                "min": -1.0,
                "max": 1.0
            },
            "h_diff_new": {
                "mean": 0.4970678687634396,
                "std": 0.3993125065025309,
                "min": 3.059022269256247e-07,
                "max": 0.9999996940977731
            },