{
    "correlations": {
        "pearson": {
            "coefficient": -0.21085565692153543,
            "p_value": 0.0
        },
        "spearman": {
            "coefficient": -0.21372241736879408,
            "p_value": 0.0
        }
    },
    "error_score_1_statistics": {
        "Total Count": 5973,
        "Percentage": "6.51%",
        "Mean Quality": "27.70",
        "Std Quality": "5.94",
        "Min Quality": "20.00",
        "Max Quality": "40.00"
    },
    "error_score_ranges": {
        "00. 0.0-0.1": {
            "mean": 31.573,
            "std": 5.785,
            "count": 12685.0
        },
        "01. 0.1-0.2": {
            "mean": 30.888,
            "std": 5.93,
            "count": 7356.0
        },
        "02. 0.2-0.3": {
            "mean": 31.296,
            "std": 5.869,
            "count": 6740.0
        },
        "03. 0.3-0.4": {
            "mean": 31.278,
            "std": 5.851,
            "count": 10099.0
        },
        "04. 0.4-0.5": {
            "mean": 30.594,
            "std": 5.909,
            "count": 10784.0
        },
        "05. 0.5-0.6": {
            "mean": 29.837,
            "std": 5.96,
            "count": 14847.0
        },
        "06. 0.6-0.7": {
            "mean": 28.923,
            "std": 5.946,
            "count": 9880.0
        },
        "07. 0.7-0.8": {
            "mean": 28.124,
            "std": 5.892,
            "count": 6746.0
        },
        "08. 0.8-0.9": {
            "mean": 27.206,
            "std": 5.694,
            "count": 3772.0
        },
        "09. 0.9-1.0": {
            "mean": 27.521,
            "std": 5.893,
            "count": 6856.0
        }
    },
    "quality_ranges": {
        "03. 15.0-20.0": {
            "mean": 0.574,
            "std": 0.291,
            "count": 4355.0
        },
        "04. 20.0-25.0": {
            "mean": 0.522,
            "std": 0.288,
            "count": 21626.0
        },
        "05. 25.0-30.0": {
            "mean": 0.461,
            "std": 0.278,
            "count": 22103.0
        },
        "06. 30.0-35.0": {
            "mean": 0.414,
            "std": 0.269,
            "count": 21800.0
        },
        "07. 35.0-40.0": {
            "mean": 0.381,
            "std": 0.261,
            "count": 21879.0
        }
    }
}