{
    "correlations": {
        "pearson": {
            "coefficient": -0.048610661262680536,
            "p_value": 3.779912519560584e-52
        },
        "spearman": {
            "coefficient": -0.04836471192817629,
            "p_value": 1.2200037068676901e-51
        }
    },
    "error_score_1_statistics": {
        "Total Count": 1613,
        "Percentage": "1.65%",
        "Mean Quality": "49.70",
        "Std Quality": "3.14",
        "Min Quality": "45.00",
        "Max Quality": "55.00"
    },
    "error_score_ranges": {
        "00. 0.0-0.1": {
            "mean": 50.148,
            "std": 3.156,
            "count": 24190.0
        },
        "01. 0.1-0.2": {
            "mean": 50.028,
            "std": 3.139,
            "count": 10926.0
        },
        "02. 0.2-0.3": {
            "mean": 50.151,
            "std": 3.158,
            "count": 12228.0
        },
        "03. 0.3-0.4": {
            "mean": 50.033,
            "std": 3.168,
            "count": 15696.0
        },
        "04. 0.4-0.5": {
            "mean": 49.85,
            "std": 3.167,
            "count": 11801.0
        },
        "05. 0.5-0.6": {
            "mean": 49.827,
            "std": 3.156,
            "count": 11445.0
        },
        "06. 0.6-0.7": {
            "mean": 49.699,
            "std": 3.156,
            "count": 5089.0
        },
        "07. 0.7-0.8": {
            "mean": 49.479,
            "std": 3.175,
            "count": 2430.0
        },
        "08. 0.8-0.9": {
            "mean": 49.547,
            "std": 3.159,
            "count": 937.0
        },
        "09. 0.9-1.0": {
            "mean": 49.697,
            "std": 3.145,
            "count": 1751.0
        }
    },
    "quality_ranges": {
        "08. 40.0-45.0": {
            "mean": 0.333,
            "std": 0.236,
            "count": 8891.0
        },
        "09. 45.0-50.0": {
            "mean": 0.316,
            "std": 0.233,
            "count": 44552.0
        },
        "10. 50.0-55.0": {
            "mean": 0.301,
            "std": 0.227,
            "count": 44162.0
        }
    }
}